1;Radioactive Barrel;60;66;
2;Bomb Turquoise;79;13;
3;ATG Bomb Purple;60;59;
4;Nuke Black;70;53;
5;Pill: Flying;66;51;
6;Pineapple Grenade;8;49;
7;PurpliClops;92;83;
8;Round Grenade;25;35;
9;Bomb Pink;49;70;
10;Granate Purple;21;58;
11;ATG Bomb Purple;33;60;
12;Nuke Purple;53;48;
13;ZombiClops;91;92;
14;LuciClops;88;93;
15;Pill: Raspberry Ripple;75;68;
16;Bomb Purple;1;5;
17;Granate Turquoise;48;3;
18;ATG Bomb Yellow;32;38;
19;Nuke Grey;74;40;
20;iEye;97;98;
21;Granate Blue;49;48;
22;Granate Yellow;67;73;
23;LuciClops;93;88;
24;Bomb Purple;30;59;
25;PurpliClops;97;90;
26;Bomb Orange;23;19;
27;OgriClops;97;86;
28;Granate Purple;43;18;
29;Pill: Raspberry Ripple;35;69;
30;LuciClops;86;95;
31;ATG Bomb Black;51;23;
32;Granate Red;19;8;
33;ATG Bomb Purple;16;41;
34;TNT Barrel #2;34;72;
35;ZombiClops;81;90;
36;Bomb Red;63;14;
37;Nuke Black;46;75;
38;Deadly Bomb;23;15;
39;MummiClops;88;80;
40;Granate Pink;49;40;
41;Pineapple Grenade;68;24;
42;Pill: Fantastic Fudge;10;35;
43;Gas Grenade;25;64;
44;Gas Grenade;22;46;
45;Bomb Turquoise;78;55;
46;Round Grenade;4;50;
47;Bomb Yellow;41;40;
48;ATG Bomb Yellow;4;28;
49;ATG Bomb Yellow;65;77;
50;Granate Grey;18;14;
51;Nuke Blue;50;57;
52;ATG Bomb Blue;25;75;
53;Bomb Blue;51;64;
54;Nuke Purple;78;73;
55;Granate Turquoise;71;74;
56;Pill: Caramel Custard;62;29;
57;VerdiClops;84;90;
58;Pill: Rhubard n Custard;72;28;
59;OgriClops;97;98;
60;Flammable Barrel;72;63;
61;TNT Barrel #2;68;36;
62;TNT Barrel #2;61;33;
63;Granate Pink;62;23;
64;Granate Pink;46;29;
65;ATG Bomb Yellow;32;76;
66;iEye;81;91;
67;Pill: Strawberry n Cream;15;17;
68;Bomb Blue;50;2;
69;Pill: Caramel Custard;38;47;
70;Gas Grenade;19;64;
71;Granate Grey;19;52;
72;Bomb Yellow;77;60;
73;Granate Turquoise;4;4;
74;FishiClops;80;90;
75;Pill: Melon Delight;49;10;
76;TNT Barrel;21;75;
77;ATG Bomb Yellow;14;48;
78;Pill: Sweet n Sour;39;55;
79;LuciClops;87;84;
80;Bomb Green;8;71;
81;Bomb Turquoise;45;51;
82;DraciClops;81;91;
83;Granate Yellow;21;46;
84;Gas Grenade;4;18;
85;OgriClops;91;89;
86;Bomb Ultra;5;50;
87;Granate Green;74;5;
88;Pill: Orange Sherbert;9;14;
89;FishiClops;94;94;
90;PurpliClops;88;92;
91;Granate Turquoise;44;37;
92;Bomb Purple;48;66;
93;Granate Red;23;37;
94;Granate Yellow;44;34;
95;ZombiClops;92;92;
96;Bomb Pink;60;69;
97;TNT Barrel #2;2;56;
98;Nuke Purple;59;2;
99;ZombiClops;100;89;
100;ATG Bomb Purple;64;18;
101;Bomb Blue;51;19;
102;Nuke Black;36;37;
103;ATG Bomb Yellow;3;42;
104;Granate Turquoise;22;68;
105;Bomb Turquoise;22;75;
106;Granate Purple;19;63;
107;Bomb Green;11;32;
108;Bomb Blue;16;36;
109;ATG Bomb Blue;57;48;
110;MummiClops;82;92;
111;PurpliClops;98;83;
112;DraciClops;81;99;
113;Bomb Purple;13;76;
114;ATG Bomb Black;73;41;
115;Granate Purple;49;50;
116;ATG Bomb Grey;51;16;
117;Nuke Blue;4;34;
118;Radioactive Barrel;12;10;
119;Gas Grenade;61;16;
120;Pill: Orange Sherbert;43;74;
121;Granate Red;77;27;
122;Bomb Green;63;9;
123;LuciClops;95;100;
124;ATG Bomb Blue;12;45;
125;VerdiClops;97;90;
126;Granate Blue;36;20;
127;VerdiClops;93;85;
128;Pineapple Grenade;55;67;
129;Nuke Black;53;4;
130;ATG Bomb Black;38;47;
131;Bomb Blue;39;69;
132;Granate Purple;26;12;
133;Nuke Black;24;6;
134;Granate Red;74;34;
135;Bomb Pink;66;16;
136;Flammable Barrel;46;66;
137;Nuke Yellow;6;12;
138;Nuke Yellow;48;30;
139;Granate Black;3;63;
140;Granate Grey;12;57;
141;Pineapple Grenade;58;18;
142;Round Grenade;16;2;
143;Pill: Caramel Custard;63;20;
144;PurpliClops;95;88;
145;Granate Purple;8;70;
146;Granate Red;61;59;
147;Bomb Purple;57;7;
148;PurpliClops;82;93;
149;ATG Bomb Purple;74;26;
150;Pineapple Grenade;37;60;
151;ATG Bomb Black;36;7;
152;iEye;99;87;
153;VerdiClops;80;93;
154;Bomb Turquoise;18;78;
155;Nuke Black;75;32;
156;Granate Ultra;48;15;
157;Round Grenade;30;55;
158;Bomb Pink;40;51;
159;Bomb Green;16;25;
160;PurpliClops;89;94;
161;Bomb Red;1;5;
162;Nuke Purple;40;52;
163;Granate Grey;50;56;
164;Flammable Barrel;9;23;
165;Bomb Pink;55;5;
166;Bomb Red;65;62;
167;Granate Black;54;17;
168;Nuke Blue;33;54;
169;Bomb Pink;16;15;
170;Bomb Yellow;47;73;
171;FishiClops;94;83;
172;Granate Purple;46;36;
173;Granate Turquoise;40;46;
174;Pill: Caramel Custard;16;48;
175;Nuke Blue;19;16;
176;Granate Red;77;78;
177;Pill: Rhubard n Custard;53;8;
178;Nuke Blue;30;54;
179;Granate Blue;34;39;
180;Gas Grenade;18;76;
181;Granate Black;18;60;
182;Bomb Red;73;61;
183;Pineapple Grenade;51;38;
184;Nuke Black;16;3;
185;Nuke Black;22;27;
186;ATG Bomb Blue;75;3;
187;Bomb Pink;61;19;
188;Pill: Orange Sherbert;27;11;
189;PussiClops;91;88;
190;ATG Bomb Yellow;25;32;
191;PurpliClops;88;92;
192;Nuke Yellow;72;48;
193;Nuke Grey;24;20;
194;Pill: Vanilla;54;71;
195;Pill: Orange Sherbert;10;26;
196;ATG Bomb Black;25;23;
197;Granate Purple;43;55;
198;Bomb Pink;42;14;
199;Bio-Hazard Barrel;5;61;
200;Bomb Blue;52;70;
201;Granate Yellow;53;66;
202;Nuke Purple;68;79;
203;Round Grenade;45;76;
204;PussiClops;81;99;
205;ATG Bomb Blue;65;22;
206;iEye;83;99;
207;Bomb Turquoise;43;22;
208;Granate Red;69;1;
209;Granate Grey;4;70;
210;Nuke Purple;19;24;
211;Granate Purple;77;49;
212;VerdiClops;93;90;
213;Flammable Barrel;3;23;
214;DraciClops;93;81;
215;Gas Grenade;41;13;
216;Nuke Grey;19;57;
217;Nuke Purple;22;46;
218;Nuke Black;74;31;
219;Nuke Yellow;50;57;
220;Granate Black;24;6;
221;Bomb Pink;58;42;
222;Radioactive Barrel;9;12;
223;ATG Bomb Black;48;61;
224;Flammable Barrel;34;12;
225;ATG Bomb Purple;77;44;
226;Bomb Green;17;53;
227;TNT Barrel;33;33;
228;Bomb Green;53;20;
229;Bomb Pink;1;46;
230;Nuke Black;22;71;
231;Pill: Chocolate n Banana;25;42;
232;Pill: Chocolate n Banana;24;48;
233;Round Grenade;3;6;
234;ATG Bomb Purple;43;5;
235;Bomb Blue;24;34;
236;Flammable Barrel;66;7;
237;Nuke Yellow;45;7;
238;Bomb Pink;21;66;
239;Bomb Turquoise;12;79;
240;Granate Green;37;52;
241;Pill: Sweet n Sour;37;39;
242;Pill: Fantastic Fudge;38;48;
243;Granate Turquoise;59;49;
244;Granate Black;56;78;
245;Bomb Red;24;59;
246;ATG Bomb Black;66;54;
247;Bomb Yellow;57;4;
248;Bomb Pink;2;5;
249;Granate Grey;58;67;
250;Round Grenade;59;20;
251;Granate Pink;7;75;
252;Bomb Purple;33;12;
253;Nuke Blue;60;78;
254;Granate Yellow;28;64;
255;Granate Red;59;61;
256;Granate Black;36;20;
257;Pineapple Grenade;68;45;
258;Nuke Purple;46;24;
259;ATG Bomb Purple;7;37;
260;Bomb Turquoise;49;45;
261;Bomb Ultra;63;42;
262;Radioactive Barrel;29;22;
263;ATG Bomb Grey;10;27;
264;VerdiClops;89;80;
265;PurpliClops;81;83;
266;TNT Barrel #2;65;54;
267;Pill: Fantastic Fudge;21;61;
268;Bomb Yellow;66;7;
269;Bomb Turquoise;52;63;
270;Gas Grenade;49;60;
271;Granate Yellow;45;20;
272;TNT Barrel #2;35;28;
273;Bomb Pink;8;47;
274;Nuke Grey;68;69;
275;Pill: Blueberry Blitz;5;25;
276;Nuke Blue;67;36;
277;Pill: Rhubard n Custard;43;50;
278;Granate Pink;71;36;
279;Bomb Orange;60;44;
280;Round Grenade;36;16;
281;Gas Grenade;60;54;
282;Granate Yellow;15;1;
283;Granate Pink;79;26;
284;Granate Turquoise;1;78;
285;Bomb Pearl;68;78;
286;Bomb Turquoise;22;63;
287;Nuke Blue;37;17;
288;Flammable Barrel;59;1;
289;Nuke Purple;66;73;
290;ATG Bomb Purple;22;68;
291;TNT Barrel;54;26;
292;Round Grenade;63;45;
293;ATG Bomb Yellow;77;59;
294;FishiClops;81;91;
295;Bio-Hazard Barrel;65;58;
296;Bomb Blue;74;72;
297;Flammable Barrel;5;10;
298;Bomb Green;78;79;
299;Flammable Barrel;28;63;
300;Bomb Turquoise;73;5;
301;Bomb Orange;60;25;
302;Pineapple Grenade;66;71;
303;ATG Bomb Grey;68;46;
304;iEye;90;97;
305;ATG Bomb Yellow;69;65;
306;ATG Bomb Blue;79;15;
307;Granate Turquoise;23;62;
308;PurpliClops;89;88;
309;Granate Purple;40;70;
310;Pineapple Grenade;69;53;
311;DraciClops;86;88;
312;Granate Grey;73;32;
313;Bomb Purple;37;59;
314;Granate Purple;5;64;
315;Pineapple Grenade;43;78;
316;ATG Bomb Purple;58;72;
317;Radioactive Barrel;40;53;
318;ATG Bomb Purple;44;37;
319;Bomb Purple;17;43;
320;Nuke Purple;51;78;
321;Granate Yellow;69;61;
322;Gas Grenade;76;57;
323;Nuke Black;17;27;
324;ZombiClops;85;97;
325;Bomb Purple;66;64;
326;Granate Blue;41;51;
327;Pineapple Grenade;68;3;
328;Nuke Yellow;13;55;
329;Pill: Fluffy;36;49;
330;Nuke Yellow;45;54;
331;DraciClops;100;88;
332;Granate Pink;54;54;
333;Nuke Grey;6;29;
334;Granate Black;21;8;
335;Granate Turquoise;67;36;
336;Granate Pink;19;29;
337;Nuke Yellow;29;59;
338;Bomb Yellow;53;49;
339;Bomb Red;36;54;
340;Flammable Barrel;72;67;
341;Bomb Turquoise;40;47;
342;Granate Blue;69;22;
343;Gas Grenade;23;2;
344;iEye;98;87;
345;FishiClops;85;86;
346;Granate Turquoise;55;21;
347;Pill: Fantastic Fudge;19;66;
348;ATG Bomb Yellow;3;54;
349;Pill: Caramel Custard;4;19;
350;Pill: Sweet n Sour;42;62;
351;Nuke Black;39;19;
352;Bomb Yellow;77;73;
353;Granate Pink;67;8;
354;Bomb Purple;65;33;
355;Nuke Yellow;54;21;
356;Bomb Blue;58;17;
357;Granate Pink;66;53;
358;Granate Red;2;51;
359;Nuke Purple;64;69;
360;Granate Turquoise;35;61;
361;Nuke Grey;28;33;
362;VerdiClops;95;86;
363;Pill: Raspberry Ripple;1;54;
364;Granate Purple;9;32;
365;PurpliClops;90;99;
366;Pill: Fantastic Fudge;67;54;
367;Granate Green;66;33;
368;Bomb Pink;48;25;
369;Nuke Purple;61;63;
370;Nuke Purple;54;46;
371;Granate Black;36;62;
372;Bomb Blue;7;39;
373;Flammable Barrel;1;74;
374;Nuke Purple;54;23;
375;Granate Purple;70;51;
376;Pill: Fluffy;12;24;
377;ATG Bomb Black;51;79;
378;iEye;85;96;
379;TNT Barrel #2;57;77;
380;ATG Bomb Yellow;66;52;
381;ATG Bomb Yellow;54;35;
382;Granate Purple;56;78;
383;Granate Purple;69;31;
384;Bomb Yellow;8;48;
385;TNT Barrel;7;50;
386;TNT Barrel;47;75;
387;Pill: Melon Delight;69;32;
388;Pill: Funky;46;71;
389;Nuke Blue;41;57;
390;Granate Black;43;37;
391;Bomb Green;70;59;
392;TNT Barrel;12;64;
393;Round Grenade;53;56;
394;DraciClops;92;80;
395;Nuke Grey;27;74;
396;ATG Bomb Grey;1;26;
397;Radioactive Barrel;62;33;
398;Pill: Orange Sherbert;3;16;
399;ATG Bomb Black;54;52;
400;Flammable Barrel;24;57;
401;Granate Black;43;39;
402;Granate Green;59;34;
403;Bomb Yellow;61;2;
404;Flammable Barrel;70;14;
405;Pill: Sweet n Sour;69;22;
406;Bomb Purple;42;68;
407;Pill: Blueberry Blitz;29;21;
408;Bomb Purple;20;62;
409;PussiClops;95;94;
410;Bomb Green;25;49;
411;Nuke Grey;56;22;
412;Pill: Caramel Custard;32;35;
413;Flammable Barrel;66;29;
414;Bomb Blue;71;11;
415;ATG Bomb Blue;72;78;
416;Granate Pink;2;36;
417;Radioactive Barrel;76;45;
418;Nuke Grey;47;74;
419;OgriClops;90;86;
420;Bomb Yellow;6;12;
421;Bomb Blue;47;3;
422;Pill: Sweet n Sour;12;74;
423;TNT Barrel #2;45;34;
424;Pill: Chocolate n Banana;79;59;
425;Granate Pink;33;14;
426;Gas Grenade;30;8;
427;ATG Bomb Purple;52;16;
428;Bomb Yellow;30;8;
429;LuciClops;95;80;
430;Nuke Grey;70;71;
431;Nuke Blue;79;25;
432;Pill: Caramel Custard;66;2;
433;VerdiClops;98;96;
434;Flammable Barrel;52;5;
435;Granate Blue;17;68;
436;Granate Ultra;13;11;
437;Bomb Pink;2;46;
438;PussiClops;100;84;
439;Pill: Strawberry n Cream;11;68;
440;Bomb Purple;29;18;
441;Nuke Blue;79;52;
442;Bomb Purple;7;15;
443;Bomb Blue;5;35;
444;Granate Purple;7;19;
445;Pill: Vanilla;17;49;
446;Radioactive Barrel;67;67;
447;PurpliClops;89;91;
448;Bomb Pink;16;10;
449;TNT Barrel #2;14;29;
450;Bio-Hazard Barrel;9;16;
451;ATG Bomb Purple;51;79;
452;Nuke Blue;38;59;
453;iEye;95;86;
454;Flammable Barrel;36;63;
455;Bomb Yellow;52;64;
456;VerdiClops;92;99;
457;Granate Green;21;10;
458;Granate Pink;70;10;
459;ATG Bomb Black;67;16;
460;Pill: Rhubard n Custard;17;33;
461;Bomb Purple;61;74;
462;TNT Barrel;79;51;
463;ATG Bomb Grey;70;9;
464;OgriClops;96;91;
465;Bomb Purple;77;30;
466;TNT Barrel;40;8;
467;Bomb Purple;66;17;
468;DraciClops;96;81;
469;Granate Turquoise;12;76;
470;Pineapple Grenade;37;38;
471;Nuke Purple;71;66;
472;Radioactive Barrel;21;45;
473;Granate Green;44;64;
474;ATG Bomb Yellow;34;45;
475;Granate Blue;77;24;
476;Radioactive Barrel;17;65;
477;iEye;92;87;
478;Nuke Black;11;13;
479;Pill: Mint Suprise;2;9;
480;Gas Grenade;38;59;
481;Bomb Pink;71;1;
482;TNT Barrel;44;77;
483;Round Grenade;5;21;
484;Granate Black;44;9;
485;Bomb Red;34;24;
486;Pill: Melon Delight;50;50;
487;Nuke Black;69;39;
488;Nuke Grey;49;55;
489;Round Grenade;10;27;
490;Bomb Green;15;74;
491;ZombiClops;100;94;
492;Bomb Orange;35;34;
493;Granate Green;78;53;
494;Granate Blue;60;17;
495;Granate Blue;71;48;
496;FishiClops;99;93;
497;ATG Bomb Blue;3;54;
498;Bomb Purple;69;39;
499;Pill: Melon Delight;28;14;
500;Bomb Orange;46;48;
501;Round Grenade;28;17;
502;ATG Bomb Blue;34;53;
503;C4;1;21;
504;TNT Barrel;56;58;
505;Pill: Strawberry n Cream;52;57;
506;LuciClops;89;85;
507;Pill: Strawberry n Cream;41;3;
508;VerdiClops;95;80;
509;MummiClops;81;98;
510;Bomb Ultra;16;23;
511;DraciClops;86;87;
512;ATG Bomb Grey;44;44;
513;Nuke Black;76;67;
514;FishiClops;91;100;
515;Granate Red;68;5;
516;ATG Bomb Black;55;61;
517;Bomb Blue;36;19;
518;Granate Grey;22;66;
519;Bomb Orange;24;59;
520;ATG Bomb Grey;23;75;
521;Granate Black;11;7;
522;Bomb Yellow;59;31;
523;OgriClops;95;80;
524;Pineapple Grenade;62;44;
525;Bomb Orange;74;44;
526;Pill: Orange Truffle;23;37;
527;ATG Bomb Yellow;53;18;
528;Bomb Red;10;64;
529;DraciClops;96;83;
530;Nuke Blue;73;43;
531;FishiClops;97;80;
532;TNT Barrel #2;9;15;
533;ATG Bomb Yellow;23;69;
534;Pill: Sweet n Sour;73;6;
535;ATG Bomb Black;67;50;
536;FishiClops;88;94;
537;Pill: Rhubard n Custard;74;68;
538;Granate Blue;8;17;
539;Granate Red;23;12;
540;Nuke Grey;54;8;
541;Bomb Purple;74;4;
542;Granate Grey;6;39;
543;Granate Red;42;6;
544;OgriClops;97;81;
545;TNT Barrel #2;13;53;
546;Granate Green;55;45;
547;Nuke Purple;19;11;
548;Bomb Red;15;68;
549;Bomb Blue;25;43;
550;Bomb Green;69;2;
551;Granate Pink;19;63;
552;Bomb Blue;5;69;
553;Bomb Blue;73;14;
554;ZombiClops;81;91;
555;Granate Turquoise;75;27;
556;Pill: Fuzzy;65;46;
557;Granate Yellow;15;24;
558;Granate Turquoise;25;6;
559;Bio-Hazard Barrel;47;79;
560;Granate Grey;40;29;
561;Nuke Blue;65;49;
562;Granate Blue;53;55;
563;Nuke Blue;7;27;
564;Bomb Yellow;22;16;
565;Granate Purple;39;76;
566;TNT Barrel #2;28;12;
567;ATG Bomb Blue;52;48;
568;MummiClops;82;82;
569;Bomb Orange;5;47;
570;Pill: Strawberry n Cream;59;21;
571;Pill: Flying;45;74;
572;LuciClops;80;84;
573;PussiClops;100;98;
574;VerdiClops;87;84;
575;Nuke Blue;9;17;
576;Granate Yellow;75;19;
577;ATG Bomb Black;24;18;
578;ATG Bomb Blue;61;72;
579;VerdiClops;91;86;
580;Gas Grenade;13;49;
581;Granate Pink;45;74;
582;Round Grenade;6;23;
583;Radioactive Barrel;35;47;
584;Granate Green;73;35;
585;ATG Bomb Grey;21;16;
586;Flammable Barrel;64;49;
587;ATG Bomb Grey;67;19;
588;ATG Bomb Black;79;74;
589;Granate Green;45;12;
590;Bomb Green;69;26;
591;Bomb Pink;31;18;
592;Nuke Yellow;74;18;
593;ATG Bomb Yellow;5;17;
594;TNT Barrel #2;67;67;
595;Nuke Yellow;6;15;
596;ATG Bomb Blue;9;39;
597;Pill: Caramel Custard;51;14;
598;Granate Black;25;37;
599;Granate Black;12;19;
600;Granate Red;75;72;
601;Bomb Orange;33;73;
602;Bomb Red;65;63;
603;Granate Red;71;62;
604;Granate Red;42;6;
605;Bomb Turquoise;5;61;
606;Nuke Purple;38;18;
607;iEye;84;80;
608;iEye;89;92;
609;Bomb Red;75;10;
610;Granate Black;27;49;
611;Gas Grenade;24;4;
612;Pill: Orange Sherbert;17;8;
613;Nuke Grey;44;44;
614;Bomb Yellow;26;18;
615;ATG Bomb Blue;16;64;
616;ATG Bomb Yellow;7;53;
617;C4;48;2;
618;DraciClops;94;80;
619;Bomb Red;20;56;
620;Bomb Blue;56;16;
621;Bomb Pink;58;39;
622;Bomb Red;2;13;
623;Pill: Chocolate n Banana;29;24;
624;Pineapple Grenade;67;42;
625;Pill: Sweet n Sour;53;16;
626;TNT Barrel #2;30;16;
627;iEye;99;95;
628;Granate Purple;76;25;
629;Nuke Purple;21;71;
630;Bomb Blue;28;45;
631;Radioactive Barrel;1;50;
632;Nuke Black;15;23;
633;Nuke Yellow;5;1;
634;MummiClops;99;94;
635;Granate Pink;15;26;
636;VerdiClops;94;100;
637;ATG Bomb Black;39;55;
638;Round Grenade;20;79;
639;Granate Green;17;8;
640;Granate Green;61;70;
641;Pill: Caramel Custard;78;17;
642;Nuke Grey;66;52;
643;Pill: Mint Suprise;4;30;
644;OgriClops;98;80;
645;FishiClops;85;95;
646;Granate Red;17;66;
647;Pill: Fervent;28;54;
648;Granate Red;39;58;
649;ATG Bomb Purple;16;67;
650;MummiClops;93;93;
651;Granate Yellow;7;69;
652;Nuke Purple;44;48;
653;Granate Pink;57;3;
654;Pill: Fantastic Fudge;12;26;
655;PussiClops;91;84;
656;ATG Bomb Yellow;23;26;
657;ATG Bomb Blue;42;35;
658;Nuke Grey;8;78;
659;Bomb Turquoise;8;62;
660;Pill: Orange Sherbert;21;18;
661;Bomb Green;40;8;
662;TNT Barrel #2;30;53;
663;ATG Bomb Purple;42;41;
664;Bomb Purple;35;54;
665;Nuke Purple;7;65;
666;Bomb Purple;24;37;
667;ATG Bomb Purple;77;44;
668;Bomb Pink;75;6;
669;MummiClops;82;95;
670;Nuke Grey;9;76;
671;Granate Green;73;44;
672;Bomb Turquoise;7;22;
673;TNT Barrel;72;51;
674;Granate Purple;62;44;
675;Granate Green;23;55;
676;Nuke Yellow;75;18;
677;Granate Yellow;9;59;
678;Pill: Chocolate n Banana;60;30;
679;Pill: Fervent;72;77;
680;Radioactive Barrel;25;48;
681;Gas Grenade;49;12;
682;TNT Barrel;20;72;
683;Granate Blue;20;33;
684;Bomb Turquoise;15;56;
685;Gas Grenade;76;53;
686;Granate Yellow;70;66;
687;Pill: Vanilla;31;21;
688;Pill: Strawberry n Cream;26;70;
689;Granate Blue;49;17;
690;Granate Grey;67;59;
691;Granate Grey;60;48;
692;PurpliClops;81;85;
693;PurpliClops;88;87;
694;Round Grenade;18;21;
695;PussiClops;98;97;
696;Radioactive Barrel;54;10;
697;Bomb Yellow;2;26;
698;TNT Barrel #2;28;52;
699;Gas Grenade;21;59;
700;Bomb Ultra;4;8;
701;iEye;82;99;
702;MummiClops;98;85;
703;PussiClops;80;82;
704;LuciClops;94;97;
705;FishiClops;85;84;
706;Granate Red;47;39;
707;PurpliClops;98;96;
708;Granate Grey;50;19;
709;Nuke Purple;23;46;
710;Granate Green;33;66;
711;Pill: Fizzy;37;51;
712;VerdiClops;80;84;
713;Pineapple Grenade;14;11;
714;Bomb Orange;21;50;
715;Bomb Green;22;68;
716;Pill: Orange Sherbert;69;38;
717;Granate Black;39;16;
718;iEye;80;96;
719;Granate Yellow;73;38;
720;Pill: Strawberry n Cream;55;3;
721;Pill: Blueberry Blitz;69;17;
722;Nuke Yellow;69;56;
723;PussiClops;90;81;
724;Granate Black;12;47;
725;Flammable Barrel;51;45;
726;Bomb Pearl;40;7;
727;Flammable Barrel;65;68;
728;Bomb Pink;20;46;
729;ATG Bomb Yellow;33;2;
730;Granate Pink;18;76;
731;Granate Pink;23;42;
732;Nuke Black;55;67;
733;Granate Red;15;49;
734;Nuke Black;32;53;
735;Granate Turquoise;15;39;
736;Pineapple Grenade;36;50;
737;Granate Yellow;50;79;
738;VerdiClops;95;96;
739;DraciClops;84;92;
740;Pill: Blueberry Blitz;64;23;
741;Granate Turquoise;26;55;
742;iEye;84;87;
743;Granate Green;7;77;
744;Round Grenade;1;68;
745;Pill: Caramel Custard;60;15;
746;Granate Black;14;36;
747;OgriClops;92;89;
748;FishiClops;81;80;
749;Bomb Ultra;1;73;
750;ATG Bomb Yellow;31;64;
751;Granate Turquoise;51;73;
752;Granate Yellow;79;66;
753;Pill: Vanilla;11;64;
754;Granate Pink;36;40;
755;Granate Grey;40;63;
756;TNT Barrel;72;52;
757;Pill: Chocolate n Banana;4;45;
758;Bomb Red;76;52;
759;Nuke Black;52;24;
760;TNT Barrel #2;55;42;
761;Pill: Rhubard n Custard;43;28;
762;Granate Black;54;76;
763;ATG Bomb Grey;20;15;
764;PussiClops;85;99;
765;Granate Grey;10;69;
766;Bomb Green;54;26;
767;Granate Yellow;66;25;
768;ATG Bomb Purple;74;79;
769;Granate Ultra;48;31;
770;Granate Turquoise;5;40;
771;TNT Barrel #2;7;68;
772;Pill: Fantastic Fudge;57;5;
773;Bomb Red;10;15;
774;ZombiClops;83;89;
775;Flammable Barrel;37;22;
776;Granate Black;50;11;
777;Nuke Blue;13;65;
778;Pill: Orange Truffle;4;75;
779;Granate Red;70;70;
780;Gas Grenade;25;38;
781;MummiClops;82;83;
782;ATG Bomb Blue;72;63;
783;Nuke Black;18;32;
784;DraciClops;97;84;
785;Flammable Barrel;37;68;
786;Radioactive Barrel;76;60;
787;ATG Bomb Purple;74;17;
788;Pill: Rhubard n Custard;49;9;
789;Bomb Pink;43;35;
790;OgriClops;81;88;
791;ATG Bomb Black;39;2;
792;Pill: Rhubard n Custard;75;27;
793;ATG Bomb Blue;3;25;
794;OgriClops;85;91;
795;Bomb Turquoise;45;35;
796;ATG Bomb Yellow;26;77;
797;Pill: Vanilla;17;62;
798;Nuke Grey;2;27;
799;ATG Bomb Purple;7;74;
800;Nuke Grey;5;60;
801;Nuke Black;7;21;
802;Granate Black;68;35;
803;Bomb Green;29;48;
804;iEye;90;100;
805;Granate Turquoise;79;45;
806;Nuke Grey;38;79;
807;Nuke Purple;5;5;
808;ZombiClops;100;88;
809;TNT Barrel;37;51;
810;Bomb Pink;72;15;
811;ZombiClops;84;83;
812;Pill: Fantastic Fudge;61;36;
813;Bomb Green;75;64;
814;OgriClops;92;85;
815;Granate Purple;62;39;
816;Bomb Red;47;32;
817;OgriClops;98;96;
818;Granate Red;55;30;
819;FishiClops;85;100;
820;Round Grenade;11;25;
821;ATG Bomb Purple;63;14;
822;Bomb Blue;17;14;
823;ATG Bomb Purple;76;65;
824;iEye;83;97;
825;FishiClops;89;93;
826;Granate Turquoise;9;4;
827;Granate Black;6;56;
828;Pill: Sweet n Sour;29;66;
829;iEye;100;82;
830;PussiClops;82;91;
831;VerdiClops;95;94;
832;Pineapple Grenade;16;1;
833;VerdiClops;83;83;
834;Granate Pink;61;16;
835;LuciClops;87;81;
836;ATG Bomb Black;48;26;
837;Granate Pink;56;26;
838;Granate Yellow;18;60;
839;Bomb Red;37;74;
840;ZombiClops;89;86;
841;Granate Red;8;77;
842;Granate Blue;28;2;
843;DraciClops;81;90;
844;Bomb Turquoise;62;65;
845;Granate Purple;30;55;
846;VerdiClops;96;91;
847;Bomb Purple;7;23;
848;ATG Bomb Blue;79;24;
849;Granate Turquoise;37;1;
850;Granate Green;71;23;
851;Bomb Yellow;30;27;
852;Gas Grenade;66;74;
853;OgriClops;80;99;
854;Granate Turquoise;4;73;
855;Granate Black;77;50;
856;Bomb Red;19;58;
857;Round Grenade;32;13;
858;VerdiClops;98;90;
859;Nuke Blue;23;57;
860;Nuke Yellow;36;53;
861;Bomb Turquoise;18;65;
862;Nuke Grey;26;72;
863;Pill: Funky;54;44;
864;Bomb Pearl;27;13;
865;Pill: Raspberry Ripple;6;2;
866;Radioactive Barrel;55;62;
867;Granate Turquoise;38;56;
868;Nuke Blue;57;68;
869;Pill: Fantastic Fudge;2;3;
870;ATG Bomb Purple;68;54;
871;FishiClops;86;83;
872;ATG Bomb Yellow;55;25;
873;Bomb Ultra;48;43;
874;Radioactive Barrel;10;77;
875;TNT Barrel #2;2;1;
876;Nuke Purple;29;46;
877;Pineapple Grenade;30;60;
878;Granate Grey;30;31;
879;Bomb Ultra;49;2;
880;MummiClops;94;94;
881;Granate Red;23;67;
882;Bomb Pink;24;4;
883;TNT Barrel #2;71;65;
884;ATG Bomb Grey;50;48;
885;Pill: Freaky;62;11;
886;Granate Yellow;6;6;
887;ATG Bomb Purple;59;34;
888;Pill: Melon Delight;6;3;
889;Nuke Purple;38;60;
890;DraciClops;99;87;
891;Nuke Grey;30;53;
892;Bomb Red;62;9;
893;Bomb Orange;59;36;
894;Pill: Fluffy;12;76;
895;Pill: Strawberry n Cream;52;62;
896;Gas Grenade;26;51;
897;Pill: Freaky;23;46;
898;ZombiClops;85;80;
899;Pill: Blueberry Blitz;75;78;
900;VerdiClops;99;89;
901;Granate Yellow;75;70;
902;Bomb Purple;45;8;
903;Pill: Rhubard n Custard;42;63;
904;Nuke Black;46;79;
905;Granate Pink;59;34;
906;Nuke Blue;38;50;
907;ATG Bomb Blue;5;38;
908;ATG Bomb Grey;4;58;
909;Granate Yellow;55;8;
910;Granate Purple;72;14;
911;Bomb Orange;77;64;
912;Bomb Green;79;79;
913;Pill: Strawberry n Cream;20;53;
914;ATG Bomb Blue;38;38;
915;TNT Barrel;24;43;
916;ATG Bomb Grey;42;12;
917;LuciClops;100;91;
918;FishiClops;85;82;
919;Pill: Orange Sherbert;55;20;
920;Granate Turquoise;53;73;
921;VerdiClops;84;96;
922;Radioactive Barrel;7;11;
923;TNT Barrel;46;78;
924;Bomb Pink;38;75;
925;Radioactive Barrel;75;44;
926;Round Grenade;72;27;
927;FishiClops;86;82;
928;Bomb Pink;78;73;
929;Granate Green;59;65;
930;Pill: Strawberry n Cream;45;55;
931;Nuke Grey;10;64;
932;Nuke Black;27;54;
933;Granate Green;44;12;
934;Gas Grenade;34;18;
935;Granate Red;5;29;
936;Pill: Raspberry Ripple;35;44;
937;FishiClops;96;90;
938;Granate Black;66;13;
939;Granate Ultra;79;60;
940;Nuke Yellow;57;9;
941;Bomb Orange;29;64;
942;Nuke Blue;3;27;
943;Nuke Black;1;3;
944;Pill: Orange Truffle;52;45;
945;Nuke Blue;65;36;
946;MummiClops;85;80;
947;ATG Bomb Purple;64;37;
948;Nuke Yellow;53;53;
949;Bomb Blue;72;20;
950;Nuke Black;65;49;
951;OgriClops;89;98;
952;Granate Green;3;38;
953;ATG Bomb Grey;77;32;
954;ATG Bomb Yellow;14;7;
955;Granate Purple;53;65;
956;Pill: Strawberry n Cream;70;28;
957;Pill: Blueberry Blitz;10;19;
958;Bomb Turquoise;52;55;
959;Granate Turquoise;37;21;
960;TNT Barrel;19;37;
961;LuciClops;82;95;
962;Granate Blue;7;39;
963;Bomb Purple;11;50;
964;LuciClops;100;89;
965;ZombiClops;93;97;
966;LuciClops;92;98;
967;LuciClops;83;82;
968;ATG Bomb Purple;77;65;
969;Pill: Raspberry Ripple;39;9;
970;Granate Pink;59;42;
971;Pill: Fervent;45;15;
972;ATG Bomb Purple;13;77;
973;Bomb Green;76;72;
974;ATG Bomb Black;6;8;
975;Gas Grenade;71;63;
976;Bomb Blue;55;50;
977;DraciClops;91;80;
978;Pill: Flying;20;66;
979;Nuke Blue;71;6;
980;Round Grenade;7;26;
981;Granate Turquoise;60;68;
982;ATG Bomb Purple;5;70;
983;PurpliClops;85;96;
984;Pill: Fuzzy;43;45;
985;Granate Blue;28;11;
986;ATG Bomb Black;45;5;
987;Pineapple Grenade;15;56;
988;VerdiClops;92;93;
989;Granate Green;12;40;
990;Bomb Orange;74;8;
991;Nuke Blue;45;39;
992;Nuke Purple;32;25;
993;Deadly Bomb;34;72;
994;Nuke Blue;63;27;
995;Granate Purple;26;54;
996;PussiClops;85;92;
997;ATG Bomb Black;4;14;
998;Bomb Orange;16;34;
999;Pineapple Grenade;24;68;
1000;Pill: Caramel Custard;12;36;
1001;Granate Turquoise;63;71;
1002;VerdiClops;83;93;
1003;VerdiClops;80;89;
1004;Bomb Pink;32;51;
1005;Bomb Green;71;44;
1006;ZombiClops;98;95;
1007;Gas Grenade;14;25;
1008;Granate Yellow;61;65;
1009;ATG Bomb Black;28;21;
1010;Pill: Orange Sherbert;9;5;
1011;LuciClops;94;88;
1012;Pill: Melon Delight;79;8;
1013;Nuke Grey;48;17;
1014;Bomb Green;36;9;
1015;OgriClops;81;81;
1016;Granate Grey;21;79;
1017;Granate Grey;79;79;
1018;PussiClops;90;81;
1019;ATG Bomb Purple;53;72;
1020;TNT Barrel;43;46;
1021;Bomb Red;20;58;
1022;Bomb Pink;55;13;
1023;MummiClops;100;89;
1024;Nuke Black;12;51;
1025;Granate Pink;56;66;
1026;Pill: Strawberry n Cream;16;65;
1027;iEye;87;93;
1028;Granate Blue;58;2;
1029;Granate Red;7;72;
1030;Bomb Orange;44;61;
1031;Bomb Green;20;15;
1032;Bomb Blue;43;9;
1033;Granate Black;48;54;
1034;ATG Bomb Blue;43;73;
1035;Granate Black;32;45;
1036;TNT Barrel #2;38;54;
1037;Nuke Blue;43;76;
1038;Granate Purple;31;9;
1039;Granate Yellow;12;61;
1040;Granate Green;8;77;
1041;Pineapple Grenade;67;54;
1042;Granate Black;10;34;
1043;TNT Barrel;37;19;
1044;Nuke Blue;62;62;
1045;Bomb Orange;12;61;
1046;Round Grenade;17;43;
1047;Bomb Green;54;77;
1048;Round Grenade;27;68;
1049;Radioactive Barrel;12;28;
1050;Granate Grey;32;2;
1051;TNT Barrel;79;67;
1052;iEye;98;100;
1053;ATG Bomb Purple;60;56;
1054;Gas Grenade;5;22;
1055;Pill: Sweet n Sour;29;65;
1056;PurpliClops;88;84;
1057;Granate Red;62;13;
1058;Bomb Pink;26;65;
1059;ATG Bomb Black;29;4;
1060;MummiClops;83;93;
1061;Granate Red;79;55;
1062;Round Grenade;47;8;
1063;Bomb Turquoise;27;72;
1064;Granate Pink;62;34;
1065;TNT Barrel #2;54;41;
1066;Bomb Purple;71;69;
1067;Granate Pink;36;68;
1068;Bomb Purple;41;24;
1069;TNT Barrel #2;51;7;
1070;OgriClops;100;85;
1071;Granate Grey;51;1;
1072;Granate Black;70;20;
1073;ATG Bomb Purple;32;45;
1074;Nuke Blue;36;56;
1075;Nuke Black;18;70;
1076;PurpliClops;81;82;
1077;TNT Barrel #2;73;76;
1078;Granate Red;19;55;
1079;Pineapple Grenade;3;77;
1080;TNT Barrel #2;25;66;
1081;Granate Blue;42;73;
1082;Gas Grenade;42;25;
1083;Bomb Blue;76;49;
1084;TNT Barrel #2;19;26;
1085;Bomb Red;60;50;
1086;Granate Red;30;72;
1087;PurpliClops;82;92;
1088;Bomb Ultra;11;18;
1089;ATG Bomb Blue;41;59;
1090;Nuke Blue;56;25;
1091;Bomb Green;56;12;
1092;Nuke Purple;58;70;
1093;Deadly Bomb;73;44;
1094;Pill: Orange Truffle;37;22;
1095;Bomb Pink;30;66;
1096;TNT Barrel #2;72;27;
1097;VerdiClops;83;88;
1098;Round Grenade;28;59;
1099;iEye;92;83;
1100;Pill: Funky;25;13;
1101;Granate Ultra;39;39;
1102;TNT Barrel;11;38;
1103;Pill: Rhubard n Custard;10;72;
1104;Pill: Orange Truffle;46;38;
1105;Pill: Fantastic Fudge;67;18;
1106;Granate Grey;78;77;
1107;ATG Bomb Yellow;69;65;
1108;PurpliClops;100;92;
1109;Pineapple Grenade;79;9;
1110;Pill: Rhubard n Custard;49;7;
1111;Nuke Purple;73;34;
1112;Flammable Barrel;3;36;
1113;Granate Black;53;79;
1114;ZombiClops;86;92;
1115;Nuke Purple;20;8;
1116;Nuke Grey;8;13;
1117;DraciClops;90;90;
1118;ZombiClops;92;90;
1119;Granate Red;1;27;
1120;Nuke Yellow;52;67;
1121;Round Grenade;56;28;
1122;Pineapple Grenade;64;76;
1123;Nuke Blue;59;14;
1124;Round Grenade;40;22;
1125;Nuke Black;27;23;
1126;Nuke Yellow;63;27;
1127;Bomb Purple;25;15;
1128;Granate Blue;24;43;
1129;DraciClops;99;98;
1130;Gas Grenade;75;71;
1131;TNT Barrel;14;40;
1132;ATG Bomb Yellow;19;69;
1133;Flammable Barrel;33;4;
1134;Pineapple Grenade;45;57;
1135;Nuke Blue;30;35;
1136;Nuke Blue;26;30;
1137;Flammable Barrel;13;66;
1138;Granate Purple;55;45;
1139;Granate Turquoise;29;16;
1140;Round Grenade;60;33;
1141;TNT Barrel;51;1;
1142;OgriClops;100;89;
1143;Pill: Caramel Custard;50;78;
1144;Gas Grenade;10;60;
1145;Pineapple Grenade;43;21;
1146;Bomb Turquoise;69;8;
1147;Granate Green;7;9;
1148;ATG Bomb Grey;3;39;
1149;ATG Bomb Yellow;53;9;
1150;Round Grenade;40;34;
1151;Bomb Red;5;6;
1152;Nuke Grey;63;49;
1153;Granate Purple;36;2;
1154;Granate Yellow;23;73;
1155;Bomb Purple;59;72;
1156;Nuke Purple;26;70;
1157;Bomb Turquoise;55;61;
1158;Nuke Grey;6;36;
1159;Bomb Blue;15;72;
1160;ATG Bomb Yellow;30;53;
1161;ZombiClops;87;80;
1162;ZombiClops;81;89;
1163;Granate Grey;54;46;
1164;Granate Blue;69;65;
1165;PurpliClops;98;80;
1166;ATG Bomb Blue;42;5;
1167;Bomb Green;45;14;
1168;Round Grenade;40;66;
1169;DraciClops;87;84;
1170;Nuke Yellow;28;63;
1171;Bomb Red;70;47;
1172;Granate Red;1;16;
1173;Nuke Black;14;5;
1174;Granate Pink;28;1;
1175;Bomb Blue;35;60;
1176;Bomb Blue;32;37;
1177;Gas Grenade;68;19;
1178;PussiClops;84;99;
1179;Pill: Caramel Custard;43;14;
1180;Bomb Turquoise;22;34;
1181;Bomb Turquoise;20;1;
1182;Nuke Grey;40;25;
1183;Pineapple Grenade;14;25;
1184;ATG Bomb Yellow;57;72;
1185;Bomb Red;10;52;
1186;Nuke Grey;20;49;
1187;Granate Turquoise;43;15;
1188;Granate Yellow;35;34;
1189;Bomb Red;19;2;
1190;Bomb Ultra;13;45;
1191;Granate Black;62;11;
1192;Gas Grenade;40;13;
1193;Nuke Black;48;13;
1194;ATG Bomb Yellow;13;22;
1195;Round Grenade;25;12;
1196;DraciClops;91;88;
1197;Granate Blue;38;8;
1198;Granate Green;50;52;
1199;ATG Bomb Yellow;3;50;
1200;ZombiClops;80;84;
1201;Granate Red;47;3;
1202;TNT Barrel;57;22;
1203;Gas Grenade;77;33;
1204;Bomb Pink;68;17;
1205;Granate Turquoise;58;36;
1206;Granate Purple;45;31;
1207;TNT Barrel;49;73;
1208;MummiClops;96;88;
1209;Granate Turquoise;32;23;
1210;Bomb Blue;54;23;
1211;Pineapple Grenade;29;77;
1212;iEye;91;95;
1213;ATG Bomb Yellow;46;24;
1214;ATG Bomb Blue;60;14;
1215;FishiClops;87;94;
1216;Granate Green;69;21;
1217;Granate Red;4;43;
1218;Pill: Vanilla;66;7;
1219;MummiClops;100;100;
1220;LuciClops;86;98;
1221;VerdiClops;92;85;
1222;Bomb Yellow;40;35;
1223;Nuke Black;20;32;
1224;Pill: Vanilla;48;16;
1225;Granate Green;56;33;
1226;iEye;82;92;
1227;Pill: Fantastic Fudge;15;66;
1228;iEye;95;90;
1229;Granate Green;36;52;
1230;Bomb Orange;26;71;
1231;Bomb Yellow;34;1;
1232;ZombiClops;83;98;
1233;Nuke Black;51;30;
1234;ATG Bomb Grey;36;58;
1235;Granate Grey;4;10;
1236;Pineapple Grenade;29;30;
1237;LuciClops;94;81;
1238;Nuke Yellow;57;37;
1239;Pill: Melon Delight;43;10;
1240;Bomb Ultra;25;73;
1241;Bomb Blue;50;58;
1242;Flammable Barrel;36;25;
1243;Granate Turquoise;52;75;
1244;FishiClops;93;89;
1245;Granate Grey;41;50;
1246;Pill: Chocolate n Banana;67;34;
1247;Round Grenade;23;66;
1248;Nuke Grey;2;67;
1249;DraciClops;86;88;
1250;ATG Bomb Grey;70;8;
1251;DraciClops;85;92;
1252;Nuke Yellow;11;36;
1253;VerdiClops;80;89;
1254;Granate Black;78;74;
1255;Pill: Orange Sherbert;49;52;
1256;Bomb Pink;14;12;
1257;Pill: Chocolate n Banana;18;62;
1258;ATG Bomb Grey;6;52;
1259;ATG Bomb Grey;21;34;
1260;Granate Red;64;35;
1261;ATG Bomb Blue;49;27;
1262;TNT Barrel;36;4;
1263;Bomb Yellow;22;39;
1264;Granate Turquoise;16;38;
1265;DraciClops;83;87;
1266;Gas Grenade;39;20;
1267;MummiClops;85;98;
1268;Bomb Orange;4;49;
1269;Bomb Red;14;33;
1270;Nuke Blue;7;3;
1271;Nuke Black;44;65;
1272;Pill: Rhubard n Custard;4;4;
1273;Nuke Purple;39;23;
1274;Gas Grenade;59;76;
1275;ATG Bomb Purple;64;1;
1276;C4;77;67;
1277;VerdiClops;100;91;
1278;ATG Bomb Yellow;38;27;
1279;DraciClops;91;91;
1280;OgriClops;96;90;
1281;TNT Barrel #2;28;12;
1282;LuciClops;85;93;
1283;Pill: Raspberry Ripple;21;54;
1284;Radioactive Barrel;59;79;
1285;Granate Yellow;56;22;
1286;PurpliClops;81;87;
1287;Nuke Blue;27;8;
1288;Pill: Fluffy;44;63;
1289;ATG Bomb Grey;25;6;
1290;Bomb Blue;66;10;
1291;ATG Bomb Grey;49;66;
1292;Granate Purple;49;9;
1293;Granate Grey;43;56;
1294;Pill: Blueberry Blitz;8;63;
1295;Flammable Barrel;28;55;
1296;Granate Yellow;67;72;
1297;Bomb Turquoise;2;51;
1298;ATG Bomb Black;30;70;
1299;ATG Bomb Yellow;25;23;
1300;Bomb Purple;12;22;
1301;Round Grenade;48;35;
1302;Bomb Red;51;59;
1303;Bomb Green;43;20;
1304;Bomb Red;68;48;
1305;Pill: Fizzy;14;10;
1306;TNT Barrel #2;6;41;
1307;Granate Grey;54;1;
1308;TNT Barrel #2;23;78;
1309;DraciClops;82;98;
1310;Nuke Purple;13;39;
1311;Nuke Grey;31;37;
1312;Nuke Blue;59;33;
1313;Pill: Blueberry Blitz;6;57;
1314;Radioactive Barrel;39;19;
1315;Round Grenade;72;78;
1316;Bomb Red;21;47;
1317;Flammable Barrel;76;13;
1318;ATG Bomb Yellow;50;18;
1319;Bomb Purple;65;43;
1320;Granate Purple;6;55;
1321;ZombiClops;99;80;
1322;Pineapple Grenade;6;50;
1323;FishiClops;94;88;
1324;Flammable Barrel;11;28;
1325;Bomb Blue;35;52;
1326;Bomb Green;38;72;
1327;Pill: Orange Truffle;60;46;
1328;Granate Blue;48;77;
1329;Pill: Vanilla;48;53;
1330;Gas Grenade;22;34;
1331;PussiClops;80;80;
1332;Bomb Turquoise;78;26;
1333;TNT Barrel;46;11;
1334;Granate Purple;33;59;
1335;LuciClops;96;90;
1336;Bio-Hazard Barrel;61;55;
1337;Flammable Barrel;34;73;
1338;Bomb Yellow;18;31;
1339;ATG Bomb Purple;10;73;
1340;Granate Pink;27;36;
1341;Granate Yellow;11;76;
1342;Nuke Grey;39;56;
1343;Nuke Yellow;49;8;
1344;Nuke Yellow;31;7;
1345;ATG Bomb Yellow;71;50;
1346;VerdiClops;85;88;
1347;PurpliClops;99;83;
1348;Bomb Orange;35;45;
1349;Granate Red;21;66;
1350;TNT Barrel;5;16;
1351;Bomb Yellow;40;5;
1352;ATG Bomb Black;51;55;
1353;TNT Barrel #2;67;28;
1354;Granate Green;17;59;
1355;LuciClops;86;92;
1356;Nuke Black;4;2;
1357;Granate Purple;41;25;
1358;Radioactive Barrel;50;64;
1359;LuciClops;94;100;
1360;OgriClops;91;96;
1361;Granate Yellow;17;15;
1362;Bomb Turquoise;6;62;
1363;MummiClops;85;80;
1364;Nuke Purple;62;18;
1365;LuciClops;88;95;
1366;Radioactive Barrel;33;3;
1367;ATG Bomb Blue;67;56;
1368;Nuke Blue;2;40;
1369;PussiClops;90;81;
1370;Bomb Turquoise;10;9;
1371;Bomb Green;32;8;
1372;VerdiClops;86;96;
1373;TNT Barrel;2;32;
1374;Bomb Blue;30;5;
1375;TNT Barrel;46;31;
1376;ATG Bomb Grey;31;34;
1377;Bomb Blue;50;41;
1378;Pill: Flying;37;35;
1379;VerdiClops;88;92;
1380;Nuke Yellow;30;7;
1381;Nuke Grey;35;79;
1382;Granate Green;78;49;
1383;Pill: Raspberry Ripple;16;75;
1384;Pineapple Grenade;12;11;
1385;Nuke Blue;31;16;
1386;Bomb Yellow;27;41;
1387;Pineapple Grenade;77;51;
1388;Flammable Barrel;9;28;
1389;Granate Green;38;35;
1390;Bomb Red;58;12;
1391;Bomb Turquoise;13;51;
1392;VerdiClops;82;92;
1393;Bomb Red;67;25;
1394;Bomb Blue;58;35;
1395;Granate Green;44;13;
1396;FishiClops;99;98;
1397;Radioactive Barrel;73;31;
1398;ATG Bomb Black;30;11;
1399;Nuke Grey;69;77;
1400;Gas Grenade;36;12;
1401;Round Grenade;20;71;
1402;Granate Black;75;53;
1403;TNT Barrel #2;14;30;
1404;Round Grenade;16;28;
1405;Granate Purple;13;19;
1406;Bomb Orange;68;12;
1407;Nuke Blue;12;75;
1408;Flammable Barrel;37;50;
1409;Bomb Ultra;72;32;
1410;Nuke Grey;60;2;
1411;LuciClops;98;81;
1412;PurpliClops;92;90;
1413;ATG Bomb Black;70;59;
1414;TNT Barrel #2;26;49;
1415;Granate Purple;5;65;
1416;PurpliClops;83;86;
1417;Flammable Barrel;17;70;
1418;Radioactive Barrel;33;40;
1419;Flammable Barrel;6;66;
1420;Gas Grenade;43;22;
1421;Granate Yellow;72;10;
1422;Nuke Blue;24;34;
1423;FishiClops;100;99;
1424;Bomb Yellow;44;52;
1425;Pineapple Grenade;21;36;
1426;Pill: Mint Suprise;31;58;
1427;Bomb Pink;15;74;
1428;DraciClops;90;90;
1429;Bomb Turquoise;49;2;
1430;Flammable Barrel;43;26;
1431;TNT Barrel;51;28;
1432;TNT Barrel #2;19;54;
1433;Bomb Orange;45;4;
1434;Pill: Orange Sherbert;3;4;
1435;Pill: Blueberry Blitz;33;8;
1436;Bomb Red;32;56;
1437;ZombiClops;98;92;
1438;Granate Purple;73;13;
1439;Radioactive Barrel;72;55;
1440;TNT Barrel #2;47;57;
1441;Bomb Purple;59;22;
1442;Granate Blue;44;69;
1443;Bomb Green;55;7;
1444;ZombiClops;91;83;
1445;Granate Black;71;48;
1446;Bomb Blue;74;17;
1447;Gas Grenade;69;7;
1448;Nuke Black;48;13;
1449;ATG Bomb Grey;21;33;
1450;Bomb Pink;48;11;
1451;PussiClops;82;93;
1452;ATG Bomb Purple;41;37;
1453;Nuke Purple;15;74;
1454;TNT Barrel;21;52;
1455;Granate Black;72;43;
1456;OgriClops;94;81;
1457;DraciClops;87;89;
1458;Pineapple Grenade;62;50;
1459;Bomb Pink;20;20;
1460;TNT Barrel #2;43;5;
1461;Pill: Sweet n Sour;41;3;
1462;LuciClops;83;99;
1463;Granate Green;7;63;
1464;Bomb Orange;66;38;
1465;Granate Green;1;51;
1466;ATG Bomb Black;53;40;
1467;TNT Barrel #2;10;3;
1468;TNT Barrel #2;38;51;
1469;Flammable Barrel;19;17;
1470;TNT Barrel #2;47;54;
1471;iEye;81;89;
1472;PussiClops;90;94;
1473;Nuke Grey;55;48;
1474;ATG Bomb Yellow;28;40;
1475;Bomb Red;60;9;
1476;Bomb Yellow;23;45;
1477;Gas Grenade;56;41;
1478;Bomb Purple;31;13;
1479;Bomb Pink;18;58;
1480;Granate Red;64;3;
1481;TNT Barrel #2;77;54;
1482;ATG Bomb Purple;28;58;
1483;Deadly Bomb;21;45;
1484;Granate Blue;38;49;
1485;Granate Purple;78;12;
1486;Nuke Yellow;7;25;
1487;Nuke Grey;20;50;
1488;Nuke Yellow;34;27;
1489;Bomb Orange;2;12;
1490;Pill: Freaky;25;40;
1491;Bio-Hazard Barrel;78;62;
1492;VerdiClops;97;96;
1493;Radioactive Barrel;44;79;
1494;Bomb Yellow;30;58;
1495;Bomb Pearl;45;42;
1496;Bomb Orange;26;59;
1497;ATG Bomb Purple;55;79;
1498;LuciClops;85;99;
1499;Pill: Strawberry n Cream;45;35;
1500;Granate Purple;55;56;
1501;Bomb Pink;45;64;
1502;OgriClops;83;99;
1503;Radioactive Barrel;71;19;
1504;LuciClops;94;97;
1505;Flammable Barrel;3;66;
1506;Granate Grey;35;78;
1507;TNT Barrel #2;67;64;
1508;Radioactive Barrel;22;57;
1509;Nuke Yellow;22;7;
1510;Bomb Turquoise;38;68;
1511;iEye;99;84;
1512;ZombiClops;84;87;
1513;Nuke Yellow;17;57;
1514;Round Grenade;49;38;
1515;Nuke Grey;50;31;
1516;Nuke Purple;59;35;
1517;Granate Grey;48;12;
1518;Granate Pink;61;77;
1519;Granate Green;40;61;
1520;Bomb Turquoise;73;63;
1521;ATG Bomb Yellow;46;13;
1522;Pill: Caramel Custard;11;57;
1523;OgriClops;90;93;
1524;Granate Green;54;47;
1525;Pill: Flying;60;15;
1526;Bomb Blue;45;56;
1527;ZombiClops;91;90;
1528;Bomb Yellow;70;73;
1529;Pill: Mint Suprise;79;12;
1530;TNT Barrel #2;15;31;
1531;Nuke Yellow;28;36;
1532;FishiClops;86;87;
1533;Bomb Orange;77;34;
1534;Bomb Pink;43;46;
1535;Granate Red;65;49;
1536;Granate Turquoise;1;41;
1537;ATG Bomb Grey;79;48;
1538;Bomb Turquoise;12;59;
1539;Granate Pink;5;42;
1540;Radioactive Barrel;72;71;
1541;Bomb Red;67;50;
1542;ATG Bomb Grey;51;44;
1543;Pill: Fuzzy;14;37;
1544;Radioactive Barrel;78;56;
1545;VerdiClops;87;80;
1546;TNT Barrel #2;67;15;
1547;Granate Pink;58;25;
1548;ATG Bomb Yellow;74;17;
1549;Bomb Red;66;19;
1550;Granate Green;73;48;
1551;Pill: Sweet n Sour;44;37;
1552;Granate Blue;14;24;
1553;Granate Yellow;13;53;
1554;Gas Grenade;4;13;
1555;Bomb Turquoise;69;70;
1556;Pill: Mint Suprise;64;55;
1557;Granate Blue;17;65;
1558;ATG Bomb Purple;65;36;
1559;Pill: Freaky;25;38;
1560;Nuke Black;77;40;
1561;Bomb Pearl;48;58;
1562;Granate Blue;78;29;
1563;Nuke Yellow;41;73;
1564;Pill: Rhubard n Custard;44;75;
1565;Pill: Funky;51;6;
1566;DraciClops;87;90;
1567;Granate Red;8;36;
1568;LuciClops;89;95;
1569;FishiClops;99;80;
1570;Pill: Fizzy;20;72;
1571;Granate Green;24;32;
1572;Pill: Sweet n Sour;79;44;
1573;Bomb Red;30;15;
1574;LuciClops;95;81;
1575;ATG Bomb Purple;13;74;
1576;Granate Yellow;20;19;
1577;LuciClops;80;80;
1578;Pill: Funky;4;11;
1579;Granate Purple;10;52;
1580;Nuke Purple;14;60;
1581;Bomb Red;29;14;
1582;Radioactive Barrel;7;71;
1583;Nuke Purple;72;76;
1584;Bomb Yellow;14;41;
1585;ATG Bomb Purple;52;77;
1586;TNT Barrel #2;73;16;
1587;Gas Grenade;21;73;
1588;Pill: Chocolate n Banana;35;18;
1589;ATG Bomb Blue;58;73;
1590;ZombiClops;80;95;
1591;Nuke Purple;77;5;
1592;PussiClops;96;96;
1593;Gas Grenade;12;42;
1594;Pill: Mint Suprise;30;12;
1595;Pill: Melon Delight;43;62;
1596;Nuke Blue;22;72;
1597;Bomb Blue;32;59;
1598;Granate Green;25;31;
1599;Granate Red;49;19;
1600;Bomb Red;77;8;
1601;ATG Bomb Black;9;63;
1602;ATG Bomb Blue;59;49;
1603;Granate Grey;24;4;
1604;Nuke Yellow;72;30;
1605;OgriClops;87;96;
1606;Nuke Blue;5;77;
1607;Bomb Yellow;78;71;
1608;Bomb Turquoise;63;78;
1609;Nuke Yellow;14;16;
1610;Bio-Hazard Barrel;46;77;
1611;Pill: Fervent;14;54;
1612;Nuke Yellow;19;76;
1613;FishiClops;87;88;
1614;Granate Red;44;74;
1615;Bomb Red;1;71;
1616;Nuke Purple;78;55;
1617;TNT Barrel #2;64;23;
1618;Bomb Red;7;31;
1619;Round Grenade;77;76;
1620;Flammable Barrel;21;69;
1621;ATG Bomb Blue;50;32;
1622;Granate Purple;42;67;
1623;ATG Bomb Purple;22;75;
1624;TNT Barrel #2;51;8;
1625;TNT Barrel;40;61;
1626;Granate Grey;75;43;
1627;MummiClops;96;81;
1628;Pill: Flying;38;63;
1629;Granate Purple;25;57;
1630;Nuke Grey;57;70;
1631;Bomb Blue;18;3;
